Tri?u ch?ng,Khoa,T? v?n
"Ng?a, m?n ??",Da li?u,"Ng?a, m?n ??,Da li?u"
"Da khô, n?t n?",Da li?u,"Da khô, n?t n?,Da li?u"
"S?ng, ?au, ??, ?n ?au",Da li?u,"S?ng, ?au, ??, ?n ?au,Da li?u"
N?i m?n ??,Da li?u,"N?i m?n ??,Da li?u"
"Da b? s?n sùi, bong tróc",Da li?u,"Da b? s?n sùi, bong tróc,Da li?u"
"N?i v?y, bong tróc",Da li?u,"N?i v?y, bong tróc,Da li?u"
"Da s?n, khô, m?n ??",Da li?u,"Da s?n, khô, m?n ??,Da li?u"
"Da ??, viêm, ng?a",Da li?u,"Da ??, viêm, ng?a,Da li?u"
"?au, rát, s?ng, ??",Da li?u,"?au, rát, s?ng, ??,Da li?u"
"S?ng, n?i m?n ??",Da li?u,"S?ng, n?i m?n ??,Da li?u"
"S?ng, nóng, ??",Da li?u,"S?ng, nóng, ??,Da li?u"
"B? ng?a, ?au, n?i ??m ??",Da li?u,"B? ng?a, ?au, n?i ??m ??,Da li?u"
"Da b? khô, n?t n?, ?au",Da li?u,"Da b? khô, n?t n?, ?au,Da li?u"
"N?i v?y, ng?a, ?au",Da li?u,"N?i v?y, ng?a, ?au,Da li?u"
"Da b? khô, ?au, n?t n?",Da li?u,"Da b? khô, ?au, n?t n?,Da li?u"
"S?ng, ?au, ng?a, n?i m?n ??",Da li?u,"S?ng, ?au, ng?a, n?i m?n ??,Da li?u"
"N?i m?n ??, viêm, ng?a",Da li?u,"N?i m?n ??, viêm, ng?a,Da li?u"
"N?i m?n ??, b? ng?a, ?au",Da li?u,"N?i m?n ??, b? ng?a, ?au,Da li?u"
"Da b? s?ng, ?au, n?i m?n ??",Da li?u,"Da b? s?ng, ?au, n?i m?n ??,Da li?u"
"Da b? s?n sùi, ng?a, ?au",Da li?u,"Da b? s?n sùi, ng?a, ?au,Da li?u"
"S?ng, ?au, n?i m?n ??, ng?a",Da li?u,"S?ng, ?au, n?i m?n ??, ng?a,Da li?u"
"Da b? n?i v?y, s?ng, ?au",Da li?u,"Da b? n?i v?y, s?ng, ?au,Da li?u"
"N?i m?n ??, s?ng, ?au",Da li?u,"N?i m?n ??, s?ng, ?au,Da li?u"
"Da b? s?ng, ??, n?i v?y",Da li?u,"Da b? s?ng, ??, n?i v?y,Da li?u"
"S?ng, ?au, ng?a, n?i m?n",Da li?u,"S?ng, ?au, ng?a, n?i m?n,Da li?u"
"Da b? n?i m?n ??, ng?a, ?au",Da li?u,"Da b? n?i m?n ??, ng?a, ?au,Da li?u"
"Da b? s?n sùi, ?au, ng?a",Da li?u,"Da b? s?n sùi, ?au, ng?a,Da li?u"
"N?i v?y, ng?a, ?au, s?ng",Da li?u,"N?i v?y, ng?a, ?au, s?ng,Da li?u"
"S?ng, ?au, n?i m?n ??, viêm",Da li?u,"S?ng, ?au, n?i m?n ??, viêm,Da li?u"
"Da b? s?n sùi, n?i m?n ??, ?au",Da li?u,"Da b? s?n sùi, n?i m?n ??, ?au,Da li?u"
"Da b? n?i m?n ??, ng?a, s?ng",Da li?u,"Da b? n?i m?n ??, ng?a, s?ng,Da li?u"
"S?ng, n?i v?y, ?au, n?t n?",Da li?u,"S?ng, n?i v?y, ?au, n?t n?,Da li?u"
"Da b? n?i m?n ??, s?ng, ?au",Da li?u,"Da b? n?i m?n ??, s?ng, ?au,Da li?u"
"S?ng, ?au, ng?a, n?i v?y",Da li?u,"S?ng, ?au, ng?a, n?i v?y,Da li?u"
"N?i m?n ??, s?ng, ?au, ng?a",Da li?u,"N?i m?n ??, s?ng, ?au, ng?a,Da li?u"
"Da b? n?i v?y, ?au, s?ng",Da li?u,"Da b? n?i v?y, ?au, s?ng,Da li?u"
"N?i m?n ??, s?ng, ?au, ng?a",Da li?u,"N?i m?n ??, s?ng, ?au, ng?a,Da li?u"
"S?ng, ?au, n?i v?y, ng?a",Da li?u,"S?ng, ?au, n?i v?y, ng?a,Da li?u"
"Da b? khô, n?t n?, n?i m?n ??",Da li?u,"Da b? khô, n?t n?, n?i m?n ??,Da li?u"
"S?ng, ?au, n?i m?n ??, s?n sùi",Da li?u,"S?ng, ?au, n?i m?n ??, s?n sùi,Da li?u"
"Da b? s?ng, ?au, n?i v?y, n?t n?",Da li?u,"Da b? s?ng, ?au, n?i v?y, n?t n?,Da li?u"
"N?i m?n ??, ?au, ng?a, s?ng",Da li?u,"N?i m?n ??, ?au, ng?a, s?ng,Da li?u"
"Da b? n?i v?y, s?n sùi, ng?a",Da li?u,"Da b? n?i v?y, s?n sùi, ng?a,Da li?u"
"S?ng, ?au, n?i m?n ??, bong tróc",Da li?u,"S?ng, ?au, n?i m?n ??, bong tróc,Da li?u"
"Da b? s?n sùi, ?au, n?i m?n ??",Da li?u,"Da b? s?n sùi, ?au, n?i m?n ??,Da li?u"
"N?i v?y, s?ng, ?au, m?n ??",Da li?u,"N?i v?y, s?ng, ?au, m?n ??,Da li?u"
"Da b? khô, s?n sùi, n?i m?n ??",Da li?u,"Da b? khô, s?n sùi, n?i m?n ??,Da li?u"
"S?ng, ?au, n?i m?n ??, b? n?t n?",Da li?u,"S?ng, ?au, n?i m?n ??, b? n?t n?,Da li?u"
"N?i v?y, s?ng, ?au, n?i m?n ??",Da li?u,"N?i v?y, s?ng, ?au, n?i m?n ??,Da li?u"
"Da b? ng?a, ?au, n?i m?n ??, s?ng t?y",Da li?u,"Da b? ng?a, ?au, n?i m?n ??, s?ng t?y,Da li?u"
"M?t ng?, ?au kh?p",N?i ti?t,"M?t ng?, ?au kh?p,N?i ti?t"
"Ti?u ???ng, thi?u máu",N?i ti?t,"Ti?u ???ng, thi?u máu,N?i ti?t"
"Ti?u ???ng, béo phì",N?i ti?t,"Ti?u ???ng, béo phì,N?i ti?t"
"Ti?u ???ng, m?t m?i",N?i ti?t,"Ti?u ???ng, m?t m?i,N?i ti?t"
"Ti?u ???ng, t?ng huy?t áp",N?i ti?t,"Ti?u ???ng, t?ng huy?t áp,N?i ti?t"
"Ti?u ???ng, ?au ??u",N?i ti?t,"Ti?u ???ng, ?au ??u,N?i ti?t"
"Ti?u ???ng, ?au x??ng kh?p",N?i ti?t,"Ti?u ???ng, ?au x??ng kh?p,N?i ti?t"
"Ti?u ???ng, s?i th?n",N?i ti?t,"Ti?u ???ng, s?i th?n,N?i ti?t"
"Ti?u ???ng, suy gi?m trí nh?",N?i ti?t,"Ti?u ???ng, suy gi?m trí nh?,N?i ti?t"
"Ti?u ???ng, táo bón",N?i ti?t,"Ti?u ???ng, táo bón,N?i ti?t"
"Ti?u ???ng, b?nh gan nhi?m m?",N?i ti?t,"Ti?u ???ng, b?nh gan nhi?m m?,N?i ti?t"
"Béo phì, khó th?",N?i ti?t,"Béo phì, khó th?,N?i ti?t"
"Béo phì, ?au l?ng",N?i ti?t,"Béo phì, ?au l?ng,N?i ti?t"
"Béo phì, m?t ng?",N?i ti?t,"Béo phì, m?t ng?,N?i ti?t"
"Béo phì, ho?ng lo?n",N?i ti?t,"Béo phì, ho?ng lo?n,N?i ti?t"
"Béo phì, m?t trí nh?",N?i ti?t,"Béo phì, m?t trí nh?,N?i ti?t"
"Béo phì, ti?u ?êm nhi?u l?n",N?i ti?t,"Béo phì, ti?u ?êm nhi?u l?n,N?i ti?t"
"Béo phì, khó tiêu hóa",N?i ti?t,"Béo phì, khó tiêu hóa,N?i ti?t"
"Béo phì, ?au kh?p",N?i ti?t,"Béo phì, ?au kh?p,N?i ti?t"
"T?ng huy?t áp, ?au ??u",N?i ti?t,"T?ng huy?t áp, ?au ??u,N?i ti?t"
"T?ng huy?t áp, chóng m?t",N?i ti?t,"T?ng huy?t áp, chóng m?t,N?i ti?t"
"T?ng huy?t áp, bu?n nôn",N?i ti?t,"T?ng huy?t áp, bu?n nôn,N?i ti?t"
"T?ng huy?t áp, ?au ng?c",N?i ti?t,"T?ng huy?t áp, ?au ng?c,N?i ti?t"
"T?ng huy?t áp, m?t ng?",N?i ti?t,"T?ng huy?t áp, m?t ng?,N?i ti?t"
"T?ng huy?t áp, khó th?",N?i ti?t,"T?ng huy?t áp, khó th?,N?i ti?t"
"T?ng huy?t áp, s?t cân",N?i ti?t,"T?ng huy?t áp, s?t cân,N?i ti?t"
"?ái tháo ???ng, m?i m?t",N?i ti?t,"?ái tháo ???ng, m?i m?t,N?i ti?t"
"?ái tháo ???ng, s?i th?n",N?i ti?t,"?ái tháo ???ng, s?i th?n,N?i ti?t"
"?ái tháo ???ng, m?t trí nh?",N?i ti?t,"?ái tháo ???ng, m?t trí nh?,N?i ti?t"
"?ái tháo ???ng, táo bón",N?i ti?t,"?ái tháo ???ng, táo bón,N?i ti?t"
"?ái tháo ???ng, ?au ??u",N?i ti?t,"?ái tháo ???ng, ?au ??u,N?i ti?t"
"?ái tháo ???ng, khó tiêu hóa",N?i ti?t,"?ái tháo ???ng, khó tiêu hóa,N?i ti?t"
"?ái tháo ???ng, t?ng huy?t áp",N?i ti?t,"?ái tháo ???ng, t?ng huy?t áp,N?i ti?t"
"?ái tháo ???ng, b?nh gan nhi?m m?",N?i ti?t,"?ái tháo ???ng, b?nh gan nhi?m m?,N?i ti?t"
"M?t ng?, chán ?n",N?i ti?t,"M?t ng?, chán ?n,N?i ti?t"
"M?t ng?, ?au ??u",N?i ti?t,"M?t ng?, ?au ??u,N?i ti?t"
"M?t ng?, m?t trí nh?",N?i ti?t,"M?t ng?, m?t trí nh?,N?i ti?t"
"M?t ng?, m?t cân b?ng",N?i ti?t,"M?t ng?, m?t cân b?ng,N?i ti?t"
"M?t ng?, ?au l?ng",N?i ti?t,"M?t ng?, ?au l?ng,N?i ti?t"
"M?t ng?, khó th?",N?i ti?t,"M?t ng?, khó th?,N?i ti?t"
"M?t ng?, suy gi?m trí nh?",N?i ti?t,"M?t ng?, suy gi?m trí nh?,N?i ti?t"
"M?t ng?, ?au kh?p",N?i ti?t,"M?t ng?, ?au kh?p,N?i ti?t"
"M?t ng?, t?ng huy?t áp",N?i ti?t,"M?t ng?, t?ng huy?t áp,N?i ti?t"
"S?i th?n, ?au l?ng",N?i ti?t,"S?i th?n, ?au l?ng,N?i ti?t"
"S?i th?n, bu?n nôn",N?i ti?t,"S?i th?n, bu?n nôn,N?i ti?t"
"S?i th?n, ti?u ?êm nhi?u l?n",N?i ti?t,"S?i th?n, ti?u ?êm nhi?u l?n,N?i ti?t"
"S?i th?n, nôn m?a",N?i ti?t,"S?i th?n, nôn m?a,N?i ti?t"
"S?i th?n, ?au b?ng d??i",N?i ti?t,"S?i th?n, ?au b?ng d??i,N?i ti?t"
"S?i th?n, khó th?",N?i ti?t,"S?i th?n, khó th?,N?i ti?t"
"Ti?u ???ng, t?ng huy?t áp, m?t m?i",N?i ti?t,"Ti?u ???ng, t?ng huy?t áp, m?t m?i,N?i ti?t"
"Ti?u ???ng, béo phì, ?au x??ng kh?p",N?i ti?t,"Ti?u ???ng, béo phì, ?au x??ng kh?p,N?i ti?t"
"Béo phì, khó th?, ?au l?ng",N?i ti?t,"Béo phì, khó th?, ?au l?ng,N?i ti?t"
"T?ng huy?t áp, ?au ??u, chóng m?t",N?i ti?t,"T?ng huy?t áp, ?au ??u, chóng m?t,N?i ti?t"
"T?ng huy?t áp, m?t ng?, bu?n nôn",N?i ti?t,"T?ng huy?t áp, m?t ng?, bu?n nôn,N?i ti?t"
"?ái tháo ???ng, s?i th?n, ?au ??u",N?i ti?t,"?ái tháo ???ng, s?i th?n, ?au ??u,N?i ti?t"
"M?t ng?, ?au ??u, chán ?n",N?i ti?t,"M?t ng?, ?au ??u, chán ?n,N?i ti?t"
"S?i th?n, ?au l?ng, ti?u ?êm nhi?u l?n",N?i ti?t,"S?i th?n, ?au l?ng, ti?u ?êm nhi?u l?n,N?i ti?t"
"Suy gi?m ch?c n?ng tuy?n giáp, m?t m?i, tóc r?ng",N?i ti?t,"Suy gi?m ch?c n?ng tuy?n giáp, m?t m?i, tóc r?ng,N?i ti?t"
"Suy gi?m ch?c n?ng tuy?n giáp, t?ng cân, khô da",N?i ti?t,"Suy gi?m ch?c n?ng tuy?n giáp, t?ng cân, khô da,N?i ti?t"
"Viêm tuy?n t?o d?ch, ?au ng?c, khó th?",N?i ti?t,"Viêm tuy?n t?o d?ch, ?au ng?c, khó th?,N?i ti?t"
"Viêm tuy?n t?o d?ch, ho, s?t",N?i ti?t,"Viêm tuy?n t?o d?ch, ho, s?t,N?i ti?t"
"Suy gi?m ch?c n?ng tuy?n th??ng th?n, m?t trí nh?, ?au ??u",N?i ti?t,"Suy gi?m ch?c n?ng tuy?n th??ng th?n, m?t trí nh?, ?au ??u,N?i ti?t"
"Suy gi?m ch?c n?ng tuy?n th??ng th?n, ?ái bu?t, ti?u nhi?u l?n",N?i ti?t,"Suy gi?m ch?c n?ng tuy?n th??ng th?n, ?ái bu?t, ti?u nhi?u l?n,N?i ti?t"
"T?ng n?ng ?? cortisol, m?n trên m?t, t?ng cân",N?i ti?t,"T?ng n?ng ?? cortisol, m?n trên m?t, t?ng cân,N?i ti?t"
"T?ng n?ng ?? cortisol, c?m giác lo l?ng, khó ng?",N?i ti?t,"T?ng n?ng ?? cortisol, c?m giác lo l?ng, khó ng?,N?i ti?t"
"Viêm tuy?n t?o d?ch, ?au kh?p, s?ng kh?p",N?i ti?t,"Viêm tuy?n t?o d?ch, ?au kh?p, s?ng kh?p,N?i ti?t"
"Viêm tuy?n t?o d?ch, m?t trí nh?, r?i lo?n tình c?m",N?i ti?t,"Viêm tuy?n t?o d?ch, m?t trí nh?, r?i lo?n tình c?m,N?i ti?t"
"?ái tháo ???ng, ?au m?t, khó ch?u ? chân tay",N?i ti?t,"?ái tháo ???ng, ?au m?t, khó ch?u ? chân tay,N?i ti?t"
"?ái tháo ???ng, m?t cân b?ng n??c ?i?n gi?i, bu?n nôn",N?i ti?t,"?ái tháo ???ng, m?t cân b?ng n??c ?i?n gi?i, bu?n nôn,N?i ti?t"
"T?ng n?ng ?? prolactin, kinh nguy?t không ??u, s?a ch?y ra kh?i vú",N?i ti?t,"T?ng n?ng ?? prolactin, kinh nguy?t không ??u, s?a ch?y ra kh?i vú,N?i ti?t"
"T?ng n?ng ?? prolactin, s?a ch?y ra kh?i vú, gi?m ham mu?n tình d?c",N?i ti?t,"T?ng n?ng ?? prolactin, s?a ch?y ra kh?i vú, gi?m ham mu?n tình d?c,N?i ti?t"
"Suy gi?m ch?c n?ng tuy?n giáp, chán ?n, khó ch?u",N?i ti?t,"Suy gi?m ch?c n?ng tuy?n giáp, chán ?n, khó ch?u,N?i ti?t"
"Suy gi?m ch?c n?ng tuy?n giáp, suy nh??c, r?ng tóc",N?i ti?t,"Suy gi?m ch?c n?ng tuy?n giáp, suy nh??c, r?ng tóc,N?i ti?t"
"Viêm tuy?n t?o d?ch, ho, khó th?",N?i ti?t,"Viêm tuy?n t?o d?ch, ho, khó th?,N?i ti?t"
"Viêm tuy?n t?o d?ch, khó ch?u ? c?, khó nu?t",N?i ti?t,"Viêm tuy?n t?o d?ch, khó ch?u ? c?, khó nu?t,N?i ti?t"
"T?ng n?ng ?? estrogen, gi?m ham mu?n tình d?c, kinh nguy?t không ??u",N?i ti?t,"T?ng n?ng ?? estrogen, gi?m ham mu?n tình d?c, kinh nguy?t không ??u,N?i ti?t"
"T?ng n?ng ?? estrogen, ?au ng?c, phù ? chân",N?i ti?t,"T?ng n?ng ?? estrogen, ?au ng?c, phù ? chân,N?i ti?t"
"?ái tháo ???ng, ti?u ?êm nhi?u l?n, t?ng cân",N?i ti?t,"?ái tháo ???ng, ti?u ?êm nhi?u l?n, t?ng cân,N?i ti?t"
"?ái tháo ???ng, m?t c?m giác ? chân, loét chân",N?i ti?t,"?ái tháo ???ng, m?t c?m giác ? chân, loét chân,N?i ti?t"
"T?ng n?ng ?? androgen, r?ng tóc, m?n trên m?t",N?i ti?t,"T?ng n?ng ?? androgen, r?ng tóc, m?n trên m?t,N?i ti?t"
"T?ng n?ng ?? androgen, r?ng tóc, t?ng cân",N?i ti?t,"T?ng n?ng ?? androgen, r?ng tóc, t?ng cân,N?i ti?t"
"Suy gi?m ch?c n?ng tuy?n th??ng th?n, m?t trí nh?, m?t m?i",N?i ti?t,"Suy gi?m ch?c n?ng tuy?n th??ng th?n, m?t trí nh?, m?t m?i,N?i ti?t"
"Suy gi?m ch?c n?ng tuy?n th??ng th?n, chóng m?t",N?i ti?t,"Suy gi?m ch?c n?ng tuy?n th??ng th?n, chóng m?t,N?i ti?t"
"Viêm tuy?n t?o d?ch, s?ng môi, m?t thâm qu?ng",N?i ti?t,"Viêm tuy?n t?o d?ch, s?ng môi, m?t thâm qu?ng,N?i ti?t"
"Viêm tuy?n t?o d?ch, s?ng tay chân, m?t c?m giác tay chân",N?i ti?t,"Viêm tuy?n t?o d?ch, s?ng tay chân, m?t c?m giác tay chân,N?i ti?t"
"T?ng n?ng ?? insulin, ?au b?ng d??i, tiêu ch?y",N?i ti?t,"T?ng n?ng ?? insulin, ?au b?ng d??i, tiêu ch?y,N?i ti?t"
"T?ng n?ng ?? insulin, t?ng cân, m?t m?i",N?i ti?t,"T?ng n?ng ?? insulin, t?ng cân, m?t m?i,N?i ti?t"
"Suy gi?m ch?c n?ng tuy?n giáp, ?au kh?p, m?t trí nh?",N?i ti?t,"Suy gi?m ch?c n?ng tuy?n giáp, ?au kh?p, m?t trí nh?,N?i ti?t"
"Suy gi?m ch?c n?ng tuy?n giáp, khó th?, m?t ng?",N?i ti?t,"Suy gi?m ch?c n?ng tuy?n giáp, khó th?, m?t ng?,N?i ti?t"
"T?ng n?ng ?? cortisol, t?ng cân, khó ng?",N?i ti?t,"T?ng n?ng ?? cortisol, t?ng cân, khó ng?,N?i ti?t"
"T?ng n?ng ?? cortisol, s?t cân, m?t m?i",N?i ti?t,"T?ng n?ng ?? cortisol, s?t cân, m?t m?i,N?i ti?t"
"Viêm tuy?n t?o d?ch, khó th?, s?t",N?i ti?t,"Viêm tuy?n t?o d?ch, khó th?, s?t,N?i ti?t"
"Viêm tuy?n t?o d?ch, ?au b?ng, tiêu ch?y",N?i ti?t,"Viêm tuy?n t?o d?ch, ?au b?ng, tiêu ch?y,N?i ti?t"
"T?ng n?ng ?? prolactin, m?t kinh, t?ng cân",N?i ti?t,"T?ng n?ng ?? prolactin, m?t kinh, t?ng cân,N?i ti?t"
"T?ng n?ng ?? prolactin, gi?m ham mu?n tình d?c, s?a ch?y ra kh?i vú",N?i ti?t,"T?ng n?ng ?? prolactin, gi?m ham mu?n tình d?c, s?a ch?y ra kh?i vú,N?i ti?t"
"Suy gi?m ch?c n?ng tuy?n giáp, gi?m ham mu?n tình d?c, m?t m?i",N?i ti?t,"Suy gi?m ch?c n?ng tuy?n giáp, gi?m ham mu?n tình d?c, m?t m?i,N?i ti?t"
"Suy gi?m ch?c n?ng tuy?n giáp, m?t trí nh?, ?au kh?p",N?i ti?t,"Suy gi?m ch?c n?ng tuy?n giáp, m?t trí nh?, ?au kh?p,N?i ti?t"
"Viêm tuy?n t?o d?ch, s?ng ??u g?i, ?au kh?p",N?i ti?t,"Viêm tuy?n t?o d?ch, s?ng ??u g?i, ?au kh?p,N?i ti?t"
"Viêm tuy?n t?o d?ch, s?t, khó th?",N?i ti?t,"Viêm tuy?n t?o d?ch, s?t, khó th?,N?i ti?t"
"?ái tháo ???ng, khát n??c, m?t m?",N?i ti?t,"?ái tháo ???ng, khát n??c, m?t m?,N?i ti?t"
"?ái tháo ???ng, ?au tim, ?au chân khi ?i b?",N?i ti?t,"?ái tháo ???ng, ?au tim, ?au chân khi ?i b?,N?i ti?t"
"T?ng n?ng ?? estrogen, t?ng cân, m?t kinh",N?i ti?t,"T?ng n?ng ?? estrogen, t?ng cân, m?t kinh,N?i ti?t"
"T?ng n?ng ?? estrogen, ?au b?ng kinh, m?t ng?",N?i ti?t,"T?ng n?ng ?? estrogen, ?au b?ng kinh, m?t ng?,N?i ti?t"
"Suy gi?m ch?c n?ng tuy?n th??ng th?n, chóng m?t, m?t m?i",N?i ti?t,"Suy gi?m ch?c n?ng tuy?n th??ng th?n, chóng m?t, m?t m?i,N?i ti?t"
"Suy gi?m ch?c n?ng tuy?n th??ng th?n, ?ái bu?t, ti?u ?êm nhi?u l?n",N?i ti?t,"Suy gi?m ch?c n?ng tuy?n th??ng th?n, ?ái bu?t, ti?u ?êm nhi?u l?n,N?i ti?t"
"T?ng n?ng ?? androgen, m?n trên l?ng, r?ng tóc",N?i ti?t,"T?ng n?ng ?? androgen, m?n trên l?ng, r?ng tóc,N?i ti?t"
"T?ng n?ng ?? androgen, t?ng cân, r?ng tóc",N?i ti?t,"T?ng n?ng ?? androgen, t?ng cân, r?ng tóc,N?i ti?t"
"Da khô, n?t n?, bong tróc",Da li?u,"Da khô, n?t n?, bong tróc,Da li?u"
"S?ng, ?au, ??, nóng, ng?a, m?n ??, viêm",Da li?u,"S?ng, ?au, ??, nóng, ng?a, m?n ??, viêm,Da li?u"
"N?i m?n ??, v?y",Da li?u,"N?i m?n ??, v?y,Da li?u"
"Da s?n sùi, ng?a, b? n?t n?",Da li?u,"Da s?n sùi, ng?a, b? n?t n?,Da li?u"
N?i ??m ??,Da li?u,"N?i ??m ??,Da li?u"
S?ng t?y,Da li?u,"S?ng t?y,Da li?u"
"N?i m?n ??, s?ng, ng?a, ?au",Da li?u,"N?i m?n ??, s?ng, ng?a, ?au,Da li?u"
"Da b? n?i ??m ??, ng?a, s?ng, ?au",Da li?u,"Da b? n?i ??m ??, ng?a, s?ng, ?au,Da li?u"
"Da b? v?y, s?ng, ng?a, ?au",Da li?u,"Da b? v?y, s?ng, ng?a, ?au,Da li?u"
"Da b? n?i m?n ??, s?ng, ng?a, ?au",Da li?u,"Da b? n?i m?n ??, s?ng, ng?a, ?au,Da li?u"
"Da b? bong tróc, s?ng, ng?a, ?au",Da li?u,"Da b? bong tróc, s?ng, ng?a, ?au,Da li?u"
"Da b? n?t n?, s?ng, ng?a, ?au",Da li?u,"Da b? n?t n?, s?ng, ng?a, ?au,Da li?u"
"Da b? b?m tím, s?ng, ?au, nóng",Da li?u,"Da b? b?m tím, s?ng, ?au, nóng,Da li?u"
"Da b? kích ?ng, n?i ??m ??, ng?a, s?ng",Da li?u,"Da b? kích ?ng, n?i ??m ??, ng?a, s?ng,Da li?u"
"Da b? n?i v?y, s?ng, ?au, ng?a",Da li?u,"Da b? n?i v?y, s?ng, ?au, ng?a,Da li?u"
"Da b? viêm, ??, s?ng, nóng",Da li?u,"Da b? viêm, ??, s?ng, nóng,Da li?u"
"Da b? n?i m?n tr?ng cá, s?ng, ng?a, ?au",Da li?u,"Da b? n?i m?n tr?ng cá, s?ng, ng?a, ?au,Da li?u"
"Da b? s?n sùi, ng?a, ?au, n?i m?n ??",Da li?u,"Da b? s?n sùi, ng?a, ?au, n?i m?n ??,Da li?u"
"Da b? ng?a, n?i m?n ??, s?ng, bong tróc",Da li?u,"Da b? ng?a, n?i m?n ??, s?ng, bong tróc,Da li?u"
"Da b? bong tróc, n?i v?y, ?au, ng?a",Da li?u,"Da b? bong tróc, n?i v?y, ?au, ng?a,Da li?u"
"Da b? khô, n?i m?n ??, s?ng, ?au",Da li?u,"Da b? khô, n?i m?n ??, s?ng, ?au,Da li?u"
"Da b? s?ng, nóng, ?au, n?i m?n ??",Da li?u,"Da b? s?ng, nóng, ?au, n?i m?n ??,Da li?u"
"Da b? n?i v?t s?o, s?ng, ?au, ng?a",Da li?u,"Da b? n?i v?t s?o, s?ng, ?au, ng?a,Da li?u"
"Da b? nóng, ??, s?ng, ?au",Da li?u,"Da b? nóng, ??, s?ng, ?au,Da li?u"
"Da b? n?i m?n cám, ng?a, ?au, s?ng",Da li?u,"Da b? n?i m?n cám, ng?a, ?au, s?ng,Da li?u"
"Da b? n?i n?t ??, s?ng, ng?a, ?au",Da li?u,"Da b? n?i n?t ??, s?ng, ng?a, ?au,Da li?u"
"Da b? s?ng, ??, n?i m?n ??, ng?a",Da li?u,"Da b? s?ng, ??, n?i m?n ??, ng?a,Da li?u"
"Da b? s?n sùi, ?au, n?i m?n ??, ng?a",Da li?u,"Da b? s?n sùi, ?au, n?i m?n ??, ng?a,Da li?u"
"Da b? n?i v?y, s?ng, nóng, ng?a",Da li?u,"Da b? n?i v?y, s?ng, nóng, ng?a,Da li?u"
"Da b? n?t n?, ?au, s?ng, ng?a",Da li?u,"Da b? n?t n?, ?au, s?ng, ng?a,Da li?u"
"Da b? bong tróc, nóng, s?ng, ?au",Da li?u,"Da b? bong tróc, nóng, s?ng, ?au,Da li?u"
"Da b? ng?a, ??, s?ng, b?m tím",Da li?u,"Da b? ng?a, ??, s?ng, b?m tím,Da li?u"
"Da b? s?ng, ?au, b?m tím, n?i m?n ??",Da li?u,"Da b? s?ng, ?au, b?m tím, n?i m?n ??,Da li?u"
"Da b? n?i v?y, s?ng, ?au, b?m tím",Da li?u,"Da b? n?i v?y, s?ng, ?au, b?m tím,Da li?u"
"Da b? b?m tím, ?au, s?ng, n?i m?n ??",Da li?u,"Da b? b?m tím, ?au, s?ng, n?i m?n ??,Da li?u"
"Da b? n?i m?n ??, ng?a, b?m tím, s?ng",Da li?u,"Da b? n?i m?n ??, ng?a, b?m tím, s?ng,Da li?u"
"Da b? m?n ??, ng?a, ?au, s?ng",Da li?u,"Da b? m?n ??, ng?a, ?au, s?ng,Da li?u"
"Da b? n?i v?y, s?ng, ?au, n?i m?n ??",Da li?u,"Da b? n?i v?y, s?ng, ?au, n?i m?n ??,Da li?u"
"Da b? ng?a, ??, s?ng, bong tróc",Da li?u,"Da b? ng?a, ??, s?ng, bong tróc,Da li?u"
"Da b? s?n sùi, n?i m?n ??, ng?a, bong tróc",Da li?u,"Da b? s?n sùi, n?i m?n ??, ng?a, bong tróc,Da li?u"
"Da b? viêm, ??, s?ng, ng?a",Da li?u,"Da b? viêm, ??, s?ng, ng?a,Da li?u"
"Da b? n?i m?n cám, ng?a, s?ng, ?au",Da li?u,"Da b? n?i m?n cám, ng?a, s?ng, ?au,Da li?u"
"Da b? bong tróc, s?ng, nóng, ?au",Da li?u,"Da b? bong tróc, s?ng, nóng, ?au,Da li?u"
"Da b? n?i m?n ??, ng?a, s?ng, bong tróc",Da li?u,"Da b? n?i m?n ??, ng?a, s?ng, bong tróc,Da li?u"
"Da b? bong tróc, ?au, n?i v?y, s?ng",Da li?u,"Da b? bong tróc, ?au, n?i v?y, s?ng,Da li?u"
"Da b? s?n sùi, n?i m?n ??, ng?a, nóng",Da li?u,"Da b? s?n sùi, n?i m?n ??, ng?a, nóng,Da li?u"
"Da b? khô, ?au, s?ng, n?i m?n ??",Da li?u,"Da b? khô, ?au, s?ng, n?i m?n ??,Da li?u"
"Da b? n?i ??m ??, ng?a, s?ng, b?m tím",Da li?u,"Da b? n?i ??m ??, ng?a, s?ng, b?m tím,Da li?u"
"Da b? nóng, s?ng, ?au, b?m tím",Da li?u,"Da b? nóng, s?ng, ?au, b?m tím,Da li?u"
"Da b? s?ng, n?i v?y, ng?a, ?au",Da li?u,"Da b? s?ng, n?i v?y, ng?a, ?au,Da li?u"
"Da b? n?i m?n ??, s?ng, ng?a, b?m tím",Da li?u,"Da b? n?i m?n ??, s?ng, ng?a, b?m tím,Da li?u"
"Da b? ng?a, ?au, s?ng, n?i m?n ??",Da li?u,"Da b? ng?a, ?au, s?ng, n?i m?n ??,Da li?u"
"Da b? bong tróc, s?n sùi, ng?a, n?i m?n ??",Da li?u,"Da b? bong tróc, s?n sùi, ng?a, n?i m?n ??,Da li?u"
"Da b? viêm, ??, s?ng, n?i m?n ??",Da li?u,"Da b? viêm, ??, s?ng, n?i m?n ??,Da li?u"
"Da b? n?i m?n ??, ng?a, ?au, b?m tím",Da li?u,"Da b? n?i m?n ??, ng?a, ?au, b?m tím,Da li?u"
"Ho, khò khè",Hô h?p,"Ho, khò khè,Hô h?p"
"S?t, ?au ??u",Hô h?p,"S?t, ?au ??u,Hô h?p"
"Khó th?, ?au ng?c",Hô h?p,"Khó th?, ?au ng?c,Hô h?p"
"Khó th?, m?t m?i",Hô h?p,"Khó th?, m?t m?i,Hô h?p"
"?au h?ng, s? m?i",Hô h?p,"?au h?ng, s? m?i,Hô h?p"
"Khó th?, ho khan",Hô h?p,"Khó th?, ho khan,Hô h?p"
"Khó th?, ?au h?ng",Hô h?p,"Khó th?, ?au h?ng,Hô h?p"
"?au ng?c, khó th?",Hô h?p,"?au ng?c, khó th?,Hô h?p"
"S?t, ho khan",Hô h?p,"S?t, ho khan,Hô h?p"
"Khó th?, ?au ??u",Hô h?p,"Khó th?, ?au ??u,Hô h?p"
"S?t, ?au h?ng",Hô h?p,"S?t, ?au h?ng,Hô h?p"
"S?t, khó th?",Hô h?p,"S?t, khó th?,Hô h?p"
"Ho khan, m?t m?i",Hô h?p,"Ho khan, m?t m?i,Hô h?p"
"Khó th?, ?au c? th?",Hô h?p,"Khó th?, ?au c? th?,Hô h?p"
"?au h?ng, khó th?",Hô h?p,"?au h?ng, khó th?,Hô h?p"
"Ho liên miên, s? m?i",Hô h?p,"Ho liên miên, s? m?i,Hô h?p"
"S?t, ?au ng?c",Hô h?p,"S?t, ?au ng?c,Hô h?p"
"Khó th?, ngh?t th?",Hô h?p,"Khó th?, ngh?t th?,Hô h?p"
"Khó th?, ho ??m",Hô h?p,"Khó th?, ho ??m,Hô h?p"
"?au h?ng, ho khan",Hô h?p,"?au h?ng, ho khan,Hô h?p"
"?au ng?c, ho khan",Hô h?p,"?au ng?c, ho khan,Hô h?p"
"S?t, ho ??m",Hô h?p,"S?t, ho ??m,Hô h?p"
"S?t, m?t m?i",Hô h?p,"S?t, m?t m?i,Hô h?p"
"?au ??u, ho khan",Hô h?p,"?au ??u, ho khan,Hô h?p"
"Khó th?, s? m?i",Hô h?p,"Khó th?, s? m?i,Hô h?p"
"S?t, khó th? ?êm",Hô h?p,"S?t, khó th? ?êm,Hô h?p"
"Ho khan, s? m?i",Hô h?p,"Ho khan, s? m?i,Hô h?p"
"?au ng?c, m?t m?i",Hô h?p,"?au ng?c, m?t m?i,Hô h?p"
"Khó th?, ?au b?ng",Hô h?p,"Khó th?, ?au b?ng,Hô h?p"
"?au ??u, ?au ng?c",Hô h?p,"?au ??u, ?au ng?c,Hô h?p"
"Khó th?, ho liên miên",Hô h?p,"Khó th?, ho liên miên,Hô h?p"
"S?t, khó th? ?êm",Hô h?p,"S?t, khó th? ?êm,Hô h?p"
"Ho liên miên, ?au ??u",Hô h?p,"Ho liên miên, ?au ??u,Hô h?p"
"?au h?ng, ?au ??u",Hô h?p,"?au h?ng, ?au ??u,Hô h?p"
"Khó th?, ?au x??ng",Hô h?p,"Khó th?, ?au x??ng,Hô h?p"
"S?t, ho liên miên",Hô h?p,"S?t, ho liên miên,Hô h?p"
"Khó th?, khó nu?t",Hô h?p,"Khó th?, khó nu?t,Hô h?p"
"?au ng?c, ngh?t th?",Hô h?p,"?au ng?c, ngh?t th?,Hô h?p"
"S?t, khó th? vào ban ?êm",Hô h?p,"S?t, khó th? vào ban ?êm,Hô h?p"
"S?t, ?au b?ng",Hô h?p,"S?t, ?au b?ng,Hô h?p"
"Khó th?, ho ??m ?en",Hô h?p,"Khó th?, ho ??m ?en,Hô h?p"
"?au h?ng, khó th? vào ban ?êm",Hô h?p,"?au h?ng, khó th? vào ban ?êm,Hô h?p"
"?au ng?c, ?au ??u",Hô h?p,"?au ng?c, ?au ??u,Hô h?p"
"S?t, khó th? ban ngày",Hô h?p,"S?t, khó th? ban ngày,Hô h?p"
"Ho khan, ?au ng?c",Hô h?p,"Ho khan, ?au ng?c,Hô h?p"
"Khó th?, ?au kh?p",Hô h?p,"Khó th?, ?au kh?p,Hô h?p"
"S?t, s? m?i",Hô h?p,"S?t, s? m?i,Hô h?p"
"?au ??u, ?au c? th?",Hô h?p,"?au ??u, ?au c? th?,Hô h?p"
"?au h?ng, s? m?i",Hô h?p,"?au h?ng, s? m?i,Hô h?p"
"Khó th?, khó th? vào ban ngày",Hô h?p,"Khó th?, khó th? vào ban ngày,Hô h?p"
"S?t, ho ??m ?en",Hô h?p,"S?t, ho ??m ?en,Hô h?p"
"Khó th?, ho ??m vàng",Hô h?p,"Khó th?, ho ??m vàng,Hô h?p"
"Khó th?, ho ??m l?ng",Hô h?p,"Khó th?, ho ??m l?ng,Hô h?p"
"S?t, khó th? vào bu?i sáng",Hô h?p,"S?t, khó th? vào bu?i sáng,Hô h?p"
"S?t, khó th? vào bu?i t?i",Hô h?p,"S?t, khó th? vào bu?i t?i,Hô h?p"
"Khó th?, ?au kh?p",Hô h?p,"Khó th?, ?au kh?p,Hô h?p"
"S?t, ?au c? th?",Hô h?p,"S?t, ?au c? th?,Hô h?p"
"?au h?ng, khó th? vào ban ngày",Hô h?p,"?au h?ng, khó th? vào ban ngày,Hô h?p"
"S?t, ?au kh?p",Hô h?p,"S?t, ?au kh?p,Hô h?p"
"?au ng?c, ?au b?ng",Hô h?p,"?au ng?c, ?au b?ng,Hô h?p"
"Khó th?, ?au l?ng",Hô h?p,"Khó th?, ?au l?ng,Hô h?p"
"S?t, ho ?au h?ng",Hô h?p,"S?t, ho ?au h?ng,Hô h?p"
"S?t, s? m?i và ho khan",Hô h?p,"S?t, s? m?i và ho khan,Hô h?p"
"Khó th?, ho liên miên",Hô h?p,"Khó th?, ho liên miên,Hô h?p"
"S?t, m?t m?i và ho liên miên",Hô h?p,"S?t, m?t m?i và ho liên miên,Hô h?p"
"S?t, ho khô và ?au h?ng",Hô h?p,"S?t, ho khô và ?au h?ng,Hô h?p"
"S?t, khó th? và ?au ??u",Hô h?p,"S?t, khó th? và ?au ??u,Hô h?p"
"Khó th?, ho n?ng",Hô h?p,"Khó th?, ho n?ng,Hô h?p"
"Khó th?, s? m?i và ?au ??u",Hô h?p,"Khó th?, s? m?i và ?au ??u,Hô h?p"
"S?t, ?au ??u và ?au ng?c",Hô h?p,"S?t, ?au ??u và ?au ng?c,Hô h?p"
"S?t, ho khan và m?t m?i",Hô h?p,"S?t, ho khan và m?t m?i,Hô h?p"
"Khó th?, m?t m?i và ?au ??u",Hô h?p,"Khó th?, m?t m?i và ?au ??u,Hô h?p"
"?au ng?c, ho ?au h?ng và s? m?i",Hô h?p,"?au ng?c, ho ?au h?ng và s? m?i,Hô h?p"
"Khó th?, ?au ??u và m?t m?i",Hô h?p,"Khó th?, ?au ??u và m?t m?i,Hô h?p"
"Khó th?, ho khan và ?au ??u",Hô h?p,"Khó th?, ho khan và ?au ??u,Hô h?p"
"S?t, ho và khó th? ?êm",Hô h?p,"S?t, ho và khó th? ?êm,Hô h?p"
"S?t, ho n?ng và ?au h?ng",Hô h?p,"S?t, ho n?ng và ?au h?ng,Hô h?p"
"S?t, ?au ??u và ho liên miên",Hô h?p,"S?t, ?au ??u và ho liên miên,Hô h?p"
"S?t, ho khô và m?t m?i",Hô h?p,"S?t, ho khô và m?t m?i,Hô h?p"
"S?t, ho ?au h?ng và ?au b?ng",Hô h?p,"S?t, ho ?au h?ng và ?au b?ng,Hô h?p"
"S?t, ho liên miên và ?au ??u",Hô h?p,"S?t, ho liên miên và ?au ??u,Hô h?p"
"Khó th?, ho khô và ?au ??u",Hô h?p,"Khó th?, ho khô và ?au ??u,Hô h?p"
"S?t, khó th? và ho liên miên",Hô h?p,"S?t, khó th? và ho liên miên,Hô h?p"
"S?t, ho liên miên và s? m?i",Hô h?p,"S?t, ho liên miên và s? m?i,Hô h?p"
"Khó th?, ho ??m và ?au ??u",Hô h?p,"Khó th?, ho ??m và ?au ??u,Hô h?p"
"S?t, khó th? và ?au ng?c",Hô h?p,"S?t, khó th? và ?au ng?c,Hô h?p"
"Khó th?, ho và ?au c? th?",Hô h?p,"Khó th?, ho và ?au c? th?,Hô h?p"
"Khó th?, s? m?i và ho liên miên",Hô h?p,"Khó th?, s? m?i và ho liên miên,Hô h?p"
"S?t, ho và ?au c? th?",Hô h?p,"S?t, ho và ?au c? th?,Hô h?p"
"S?t, ?au ??u và ?au l?ng",Hô h?p,"S?t, ?au ??u và ?au l?ng,Hô h?p"
"Khó th?, ho ?au h?ng và ?au ??u",Hô h?p,"Khó th?, ho ?au h?ng và ?au ??u,Hô h?p"
"Khó th?, ho khô và ?au b?ng",Hô h?p,"Khó th?, ho khô và ?au b?ng,Hô h?p"
"Khó th?, ho và ?au x??ng",Hô h?p,"Khó th?, ho và ?au x??ng,Hô h?p"
"S?t, ho liên miên và ?au b?ng",Hô h?p,"S?t, ho liên miên và ?au b?ng,Hô h?p"
"S?t, ?au ??u và s? m?i",Hô h?p,"S?t, ?au ??u và s? m?i,Hô h?p"
"S?t, ho ?au h?ng và khó th? vào ban ?êm",Hô h?p,"S?t, ho ?au h?ng và khó th? vào ban ?êm,Hô h?p"
"S?t, ho ?au h?ng và ?au ng?c",Hô h?p,"S?t, ho ?au h?ng và ?au ng?c,Hô h?p"
"Khó th?, ho ??m ?en và s? m?i",Hô h?p,"Khó th?, ho ??m ?en và s? m?i,Hô h?p"
"Khó th?, ho và ?au b?ng",Hô h?p,"Khó th?, ho và ?au b?ng,Hô h?p"
"?au ng?c, khó th?",Tim m?ch,"?au ng?c, khó th?,Tim m?ch"
"M?t m?i, chóng m?t",Tim m?ch,"M?t m?i, chóng m?t,Tim m?ch"
"?au th?t ng?c, ù tai",Tim m?ch,"?au th?t ng?c, ù tai,Tim m?ch"
"?au th?t ng?c, ?au vai",Tim m?ch,"?au th?t ng?c, ?au vai,Tim m?ch"
"?au ng?c, ?au c?",Tim m?ch,"?au ng?c, ?au c?,Tim m?ch"
"?au ng?c, ?au l?ng",Tim m?ch,"?au ng?c, ?au l?ng,Tim m?ch"
"?au ng?c, m?t c?m giác tay trái",Tim m?ch,"?au ng?c, m?t c?m giác tay trái,Tim m?ch"
"Khó th?, ho",Tim m?ch,"Khó th?, ho,Tim m?ch"
"Khó th?, ?au ng?c",Tim m?ch,"Khó th?, ?au ng?c,Tim m?ch"
"Khó th?, ?au ??u",Tim m?ch,"Khó th?, ?au ??u,Tim m?ch"
"?au ng?c, bu?n nôn",Tim m?ch,"?au ng?c, bu?n nôn,Tim m?ch"
"?au ng?c, m?t m?i",Tim m?ch,"?au ng?c, m?t m?i,Tim m?ch"
"?au ng?c, khó th? vào ban ?êm",Tim m?ch,"?au ng?c, khó th? vào ban ?êm,Tim m?ch"
"?au ng?c, nh?c ??u",Tim m?ch,"?au ng?c, nh?c ??u,Tim m?ch"
"?au ng?c, chóng m?t",Tim m?ch,"?au ng?c, chóng m?t,Tim m?ch"
"?au ng?c, m?t ng?",Tim m?ch,"?au ng?c, m?t ng?,Tim m?ch"
"M?t ng?, m?t m?i",Tim m?ch,"M?t ng?, m?t m?i,Tim m?ch"
"M?t ng?, ?au ng?c",Tim m?ch,"M?t ng?, ?au ng?c,Tim m?ch"
"?au ng?c, ?au b?ng",Tim m?ch,"?au ng?c, ?au b?ng,Tim m?ch"
"?au ng?c, s?t",Tim m?ch,"?au ng?c, s?t,Tim m?ch"
"?au ng?c, r?i lo?n tiêu hóa",Tim m?ch,"?au ng?c, r?i lo?n tiêu hóa,Tim m?ch"
"?au ng?c, r?i lo?n gi?c ng?",Tim m?ch,"?au ng?c, r?i lo?n gi?c ng?,Tim m?ch"
"?au ng?c, m?t c?m giác ? tay ph?i",Tim m?ch,"?au ng?c, m?t c?m giác ? tay ph?i,Tim m?ch"
"?au ng?c, ?au ??u",Tim m?ch,"?au ng?c, ?au ??u,Tim m?ch"
"?au ng?c, ?au kh?p",Tim m?ch,"?au ng?c, ?au kh?p,Tim m?ch"
"?au ng?c, ?au b?ng d??i",Tim m?ch,"?au ng?c, ?au b?ng d??i,Tim m?ch"
"?au ng?c, ?au c?",Tim m?ch,"?au ng?c, ?au c?,Tim m?ch"
"?au ng?c, m?t trí nh?",Tim m?ch,"?au ng?c, m?t trí nh?,Tim m?ch"
"?au ng?c, m?t c?m giác chân trái",Tim m?ch,"?au ng?c, m?t c?m giác chân trái,Tim m?ch"
"?au ng?c, s?ng kh?p",Tim m?ch,"?au ng?c, s?ng kh?p,Tim m?ch"
"?au ng?c, co gi?t",Tim m?ch,"?au ng?c, co gi?t,Tim m?ch"
"?au ng?c, s?t rét",Tim m?ch,"?au ng?c, s?t rét,Tim m?ch"
"?au ng?c, m?t c?m giác m?t",Tim m?ch,"?au ng?c, m?t c?m giác m?t,Tim m?ch"
"?au ng?c, nôn m?a",Tim m?ch,"?au ng?c, nôn m?a,Tim m?ch"
"?au ng?c, ch?y máu cam",Tim m?ch,"?au ng?c, ch?y máu cam,Tim m?ch"
"?au ng?c, r?i lo?n nh?p tim",Tim m?ch,"?au ng?c, r?i lo?n nh?p tim,Tim m?ch"
"?au ng?c, run",Tim m?ch,"?au ng?c, run,Tim m?ch"
"?au ng?c, r?i lo?n th? l?c",Tim m?ch,"?au ng?c, r?i lo?n th? l?c,Tim m?ch"
"?au ng?c, nhi?m trùng ???ng ti?t ni?u",Tim m?ch,"?au ng?c, nhi?m trùng ???ng ti?t ni?u,Tim m?ch"
"?au ng?c, ng?a da",Tim m?ch,"?au ng?c, ng?a da,Tim m?ch"
"?au ng?c, viêm h?ng",Tim m?ch,"?au ng?c, viêm h?ng,Tim m?ch"
"?au ng?c, ?? da",Tim m?ch,"?au ng?c, ?? da,Tim m?ch"
"?au ng?c, c?m giác khó ch?u ? ??u",Tim m?ch,"?au ng?c, c?m giác khó ch?u ? ??u,Tim m?ch"
"?au ng?c, m?t c?m giác chân ph?i",Tim m?ch,"?au ng?c, m?t c?m giác chân ph?i,Tim m?ch"
"?au ng?c, s?t cao",Tim m?ch,"?au ng?c, s?t cao,Tim m?ch"
"?au ng?c, b?ng da",Tim m?ch,"?au ng?c, b?ng da,Tim m?ch"
"?au ng?c, ?au b?ng trên",Tim m?ch,"?au ng?c, ?au b?ng trên,Tim m?ch"
"?au ng?c, ho liên t?c",Tim m?ch,"?au ng?c, ho liên t?c,Tim m?ch"
"?au ng?c, m?t c?m giác vùng ch?u",Tim m?ch,"?au ng?c, m?t c?m giác vùng ch?u,Tim m?ch"
"?au ng?c, khó th? khi t?p th? d?c",Tim m?ch,"?au ng?c, khó th? khi t?p th? d?c,Tim m?ch"
?au ng?c và m?t m?i,Tim m?ch,"?au ng?c và m?t m?i,Tim m?ch"
Khó th? và chóng m?t,Tim m?ch,"Khó th? và chóng m?t,Tim m?ch"
Nh?c ??u và khó th?,Tim m?ch,"Nh?c ??u và khó th?,Tim m?ch"
?au ng?c và bu?n nôn,Tim m?ch,"?au ng?c và bu?n nôn,Tim m?ch"
?au ng?c và khó tiêu,Tim m?ch,"?au ng?c và khó tiêu,Tim m?ch"
?au ng?c và ?au l?ng,Tim m?ch,"?au ng?c và ?au l?ng,Tim m?ch"
Khó th? và ?au c?,Tim m?ch,"Khó th? và ?au c?,Tim m?ch"
?au ng?c và ?au vai,Tim m?ch,"?au ng?c và ?au vai,Tim m?ch"
?au ng?c và r?i lo?n gi?c ng?,Tim m?ch,"?au ng?c và r?i lo?n gi?c ng?,Tim m?ch"
?au ng?c và ?au kh?p,Tim m?ch,"?au ng?c và ?au kh?p,Tim m?ch"
?au ng?c và ?au b?ng,Tim m?ch,"?au ng?c và ?au b?ng,Tim m?ch"
?au ng?c và ?au ??u,Tim m?ch,"?au ng?c và ?au ??u,Tim m?ch"
?au ng?c và m?t ng?,Tim m?ch,"?au ng?c và m?t ng?,Tim m?ch"
?au ng?c và ho,Tim m?ch,"?au ng?c và ho,Tim m?ch"
?au ng?c và s?t,Tim m?ch,"?au ng?c và s?t,Tim m?ch"
Khó th? và s?t,Tim m?ch,"Khó th? và s?t,Tim m?ch"
M?t m?i và s?t,Tim m?ch,"M?t m?i và s?t,Tim m?ch"
?au ng?c và suy nh??c c? th?,Tim m?ch,"?au ng?c và suy nh??c c? th?,Tim m?ch"
Khó th? và ?au th?t ng?c,Tim m?ch,"Khó th? và ?au th?t ng?c,Tim m?ch"
Chóng m?t và r?i lo?n nh?p tim,Tim m?ch,"Chóng m?t và r?i lo?n nh?p tim,Tim m?ch"
?au ng?c và ?au n?a ??u,Tim m?ch,"?au ng?c và ?au n?a ??u,Tim m?ch"
?au ng?c và khó nu?t,Tim m?ch,"?au ng?c và khó nu?t,Tim m?ch"
Khó th? và ?au kh?p,Tim m?ch,"Khó th? và ?au kh?p,Tim m?ch"
?au ng?c và ?au c?,Tim m?ch,"?au ng?c và ?au c?,Tim m?ch"
M?t m?i và ?au ??u,Tim m?ch,"M?t m?i và ?au ??u,Tim m?ch"
?au ng?c và ?au bàn tay,Tim m?ch,"?au ng?c và ?au bàn tay,Tim m?ch"
Khó th? và ?au l?ng,Tim m?ch,"Khó th? và ?au l?ng,Tim m?ch"
?au ng?c và khó ng?,Tim m?ch,"?au ng?c và khó ng?,Tim m?ch"
Khó th? và bu?n nôn,Tim m?ch,"Khó th? và bu?n nôn,Tim m?ch"
?au ng?c và ?au r?ng,Tim m?ch,"?au ng?c và ?au r?ng,Tim m?ch"
M?t m?i và chóng m?t,Tim m?ch,"M?t m?i và chóng m?t,Tim m?ch"
?au ng?c và khó th? khi n?m nghiêng,Tim m?ch,"?au ng?c và khó th? khi n?m nghiêng,Tim m?ch"
?au ng?c và khó th? khi leo c?u thang,Tim m?ch,"?au ng?c và khó th? khi leo c?u thang,Tim m?ch"
M?t m?i và khó th? khi leo c?u thang,Tim m?ch,"M?t m?i và khó th? khi leo c?u thang,Tim m?ch"
?au ng?c và ?au khu?u tay,Tim m?ch,"?au ng?c và ?au khu?u tay,Tim m?ch"
Khó th? và ?au vùng ng?c,Tim m?ch,"Khó th? và ?au vùng ng?c,Tim m?ch"
?au ng?c và m?t c?m giác ? tay,Tim m?ch,"?au ng?c và m?t c?m giác ? tay,Tim m?ch"
M?t m?i và ?au ng?c,Tim m?ch,"M?t m?i và ?au ng?c,Tim m?ch"
Khó th? và ?au ng?c,Tim m?ch,"Khó th? và ?au ng?c,Tim m?ch"
?au ng?c và m?t c?m giác ? chân,Tim m?ch,"?au ng?c và m?t c?m giác ? chân,Tim m?ch"
Chóng m?t và ?au ng?c,Tim m?ch,"Chóng m?t và ?au ng?c,Tim m?ch"
M?t m?i và ?au khu?u tay,Tim m?ch,"M?t m?i và ?au khu?u tay,Tim m?ch"
?au ng?c và ?au m?i toàn thân,Tim m?ch,"?au ng?c và ?au m?i toàn thân,Tim m?ch"
Khó th? và ?au m?i toàn thân,Tim m?ch,"Khó th? và ?au m?i toàn thân,Tim m?ch"
?au ng?c và ?au b?ng d??i,Tim m?ch,"?au ng?c và ?au b?ng d??i,Tim m?ch"
M?t m?i và ?au c? th?,Tim m?ch,"M?t m?i và ?au c? th?,Tim m?ch"
Khó th? và ?au c? th?,Tim m?ch,"Khó th? và ?au c? th?,Tim m?ch"
?au ng?c và chóng m?t,Tim m?ch,"?au ng?c và chóng m?t,Tim m?ch"
M?t m?i và ?au kh?p,Tim m?ch,"M?t m?i và ?au kh?p,Tim m?ch"
Khó th? và m?t c?m giác ? tay,Tim m?ch,"Khó th? và m?t c?m giác ? tay,Tim m?ch"
"?au m?t, khó nhìn xa",M?t,"?au m?t, khó nhìn xa,M?t"
"Khó nhìn g?n, nhìn m?",M?t,"Khó nhìn g?n, nhìn m?,M?t"
"S?ng m?t, ng?a m?t",M?t,"S?ng m?t, ng?a m?t,M?t"
"M?t ??, ch?y n??c m?t",M?t,"M?t ??, ch?y n??c m?t,M?t"
"C?m giác m?t khô, kích ?ng m?t",M?t,"C?m giác m?t khô, kích ?ng m?t,M?t"
"Nh?c m?t, ch?y máu m?t",M?t,"Nh?c m?t, ch?y máu m?t,M?t"
"Ánh sáng chói, nhìn m?",M?t,"Ánh sáng chói, nhìn m?,M?t"
"M?t thâm qu?ng, b? tím tái",M?t,"M?t thâm qu?ng, b? tím tái,M?t"
"C?m giác s?ng ? vùng quanh m?t, ?au m?t khi di chuy?n",M?t,"C?m giác s?ng ? vùng quanh m?t, ?au m?t khi di chuy?n,M?t"
"Nhìn m?, b? chói khi nhìn vào ánh sáng",M?t,"Nhìn m?, b? chói khi nhìn vào ánh sáng,M?t"
"C?m giác có v?t gì trong m?t, khó ch?u khi nhìn",M?t,"C?m giác có v?t gì trong m?t, khó ch?u khi nhìn,M?t"
"Gi?m t?m nhìn, m? m?t",M?t,"Gi?m t?m nhìn, m? m?t,M?t"
"M?t ??, s?ng, ch?y n??c m?t",M?t,"M?t ??, s?ng, ch?y n??c m?t,M?t"
"C?m giác n?ng m?t, m?i m?t khi s? d?ng máy tính ho?c ??c sách lâu",M?t,"C?m giác n?ng m?t, m?i m?t khi s? d?ng máy tính ho?c ??c sách lâu,M?t"
"?au m?t, khó nhìn khi s? d?ng ?i?n tho?i, máy tính",M?t,"?au m?t, khó nhìn khi s? d?ng ?i?n tho?i, máy tính,M?t"
"C?m giác khó ch?u, ng?a ? vùng quanh m?t, s?ng m?t",M?t,"C?m giác khó ch?u, ng?a ? vùng quanh m?t, s?ng m?t,M?t"
"?au m?t khi nhìn vào ánh sáng m?nh, chói m?t",M?t,"?au m?t khi nhìn vào ánh sáng m?nh, chói m?t,M?t"
"S?ng m?t, m? m?t",M?t,"S?ng m?t, m? m?t,M?t"
"Nhìn m?, khó nhìn xa g?n",M?t,"Nhìn m?, khó nhìn xa g?n,M?t"
"C?m giác ?au nh?c ? vùng xung quanh m?t, m?t s?ng ??",M?t,"C?m giác ?au nh?c ? vùng xung quanh m?t, m?t s?ng ??,M?t"
"M?t khô, khó ch?u khi nhìn lâu",M?t,"M?t khô, khó ch?u khi nhìn lâu,M?t"
"Ch?y máu m?t, nh?c m?t",M?t,"Ch?y máu m?t, nh?c m?t,M?t"
"M?t ??, s?ng, ng?a m?t",M?t,"M?t ??, s?ng, ng?a m?t,M?t"
"C?m giác rát, khó ch?u trong m?t, m?t khó ch?u",M?t,"C?m giác rát, khó ch?u trong m?t, m?t khó ch?u,M?t"
"M?t khô, khó ch?u khi ?eo kính áp tròng",M?t,"M?t khô, khó ch?u khi ?eo kính áp tròng,M?t"
"Nhìn m?, khó nhìn ?êm",M?t,"Nhìn m?, khó nhìn ?êm,M?t"
"C?m giác n?ng m?t, khó ch?u khi ?i?u ch?nh t?m nhìn",M?t,"C?m giác n?ng m?t, khó ch?u khi ?i?u ch?nh t?m nhìn,M?t"
"S?ng m?t, m?t ??",M?t,"S?ng m?t, m?t ??,M?t"
"C?m giác chói, khó nhìn vào ánh sáng ban ngày",M?t,"C?m giác chói, khó nhìn vào ánh sáng ban ngày,M?t"
"Nhìn m?, khó ch?u khi ??c sách",M?t,"Nhìn m?, khó ch?u khi ??c sách,M?t"
"?au m?t, m?t ??, khó nhìn xa g?n",M?t,"?au m?t, m?t ??, khó nhìn xa g?n,M?t"
"C?m giác khó ch?u, s?ng m?t, khó nhìn vào ánh sáng",M?t,"C?m giác khó ch?u, s?ng m?t, khó nhìn vào ánh sáng,M?t"
"Nh?c m?t, m?t khô",M?t,"Nh?c m?t, m?t khô,M?t"
"M?t ??, ng?a m?t",M?t,"M?t ??, ng?a m?t,M?t"
"C?m giác khó ch?u, m?i m?t khi lái xe lâu",M?t,"C?m giác khó ch?u, m?i m?t khi lái xe lâu,M?t"
"S?ng m?t, m?t ??, m?t khô khi ? trong môi tr??ng khô h?n",M?t,"S?ng m?t, m?t ??, m?t khô khi ? trong môi tr??ng khô h?n,M?t"
"C?m giác khó ch?u, ng?a m?t khi ti?p xúc v?i các hóa ch?t",M?t,"C?m giác khó ch?u, ng?a m?t khi ti?p xúc v?i các hóa ch?t,M?t"
"Nhìn m?, khó nhìn khi s? d?ng thu?c kích thích",M?t,"Nhìn m?, khó nhìn khi s? d?ng thu?c kích thích,M?t"
"C?m giác khó ch?u, ?au m?t khi ? trong môi tr??ng áp su?t cao",M?t,"C?m giác khó ch?u, ?au m?t khi ? trong môi tr??ng áp su?t cao,M?t"
"S?ng m?t, m?t ??, khó nhìn xa g?n khi th?c khuya ho?c th?c quá lâu",M?t,"S?ng m?t, m?t ??, khó nhìn xa g?n khi th?c khuya ho?c th?c quá lâu,M?t"
"C?m giác khó ch?u, m?t ??, khó nhìn khi ti?p xúc v?i các tác nhân gây d? ?ng",M?t,"C?m giác khó ch?u, m?t ??, khó nhìn khi ti?p xúc v?i các tác nhân gây d? ?ng,M?t"
"Nhìn m?, khó nhìn khi ? môi tr??ng thi?u ánh sáng",M?t,"Nhìn m?, khó nhìn khi ? môi tr??ng thi?u ánh sáng,M?t"
"C?m giác khó ch?u, ng?a m?t khi b? viêm nhi?m ???ng m?t",M?t,"C?m giác khó ch?u, ng?a m?t khi b? viêm nhi?m ???ng m?t,M?t"
"S?ng m?t, m?t ??, khó ch?u khi b? ?au ??u",M?t,"S?ng m?t, m?t ??, khó ch?u khi b? ?au ??u,M?t"
"C?m giác khó ch?u, m?t khô khi ? trong môi tr??ng có ?i?u hòa không khí",M?t,"C?m giác khó ch?u, m?t khô khi ? trong môi tr??ng có ?i?u hòa không khí,M?t"
"Nhìn m?, khó nhìn khi ? môi tr??ng có ?? ?m cao",M?t,"Nhìn m?, khó nhìn khi ? môi tr??ng có ?? ?m cao,M?t"
"C?m giác khó ch?u, m?t ?? khi b? viêm k?t m?c",M?t,"C?m giác khó ch?u, m?t ?? khi b? viêm k?t m?c,M?t"
"S?ng m?t, m?t ??, khó ch?u khi b? viêm mi?n d?ch",M?t,"S?ng m?t, m?t ??, khó ch?u khi b? viêm mi?n d?ch,M?t"
"C?m giác khó ch?u, m?t khô khi b? r?i lo?n gi?c ng?",M?t,"C?m giác khó ch?u, m?t khô khi b? r?i lo?n gi?c ng?,M?t"
"C?m giác khó ch?u, khó nhìn rõ khi ?eo kính c?n",M?t,"C?m giác khó ch?u, khó nhìn rõ khi ?eo kính c?n,M?t"
"?au m?t, nh?c m?t khi ??c sách ho?c làm vi?c trên máy tính trong th?i gian dài",M?t,"?au m?t, nh?c m?t khi ??c sách ho?c làm vi?c trên máy tính trong th?i gian dài,M?t"
"Nhìn m?, khó nhìn rõ khi ? trong môi tr??ng b?i b?n ho?c khói b?i",M?t,"Nhìn m?, khó nhìn rõ khi ? trong môi tr??ng b?i b?n ho?c khói b?i,M?t"
"C?m giác chói m?t, khó nhìn khi ti?p xúc v?i ánh sáng m?nh",M?t,"C?m giác chói m?t, khó nhìn khi ti?p xúc v?i ánh sáng m?nh,M?t"
"M?t th??ng xuyên ch?y n??c, khó kh?n khi th? và ?au ??u khi ti?p xúc v?i mùi hóa ch?t",M?t,"M?t th??ng xuyên ch?y n??c, khó kh?n khi th? và ?au ??u khi ti?p xúc v?i mùi hóa ch?t,M?t"
"S?ng m?t, m?t ??, khó nhìn rõ khi ti?p xúc v?i ánh n?ng m?t tr?i",M?t,"S?ng m?t, m?t ??, khó nhìn rõ khi ti?p xúc v?i ánh n?ng m?t tr?i,M?t"
"C?m giác khó ch?u, ng?a m?t khi b? nhi?m trùng khu?n ho?c vi rút",M?t,"C?m giác khó ch?u, ng?a m?t khi b? nhi?m trùng khu?n ho?c vi rút,M?t"
"Nhìn m?, khó nhìn rõ khi ?i?u ch?nh t? môi tr??ng sáng sang t?i ho?c ng??c l?i",M?t,"Nhìn m?, khó nhìn rõ khi ?i?u ch?nh t? môi tr??ng sáng sang t?i ho?c ng??c l?i,M?t"
"C?m giác khó ch?u, m?t cân b?ng khi ?i thang máy ho?c xe h?i",M?t,"C?m giác khó ch?u, m?t cân b?ng khi ?i thang máy ho?c xe h?i,M?t"
"M?t ??, s?ng, khó nhìn rõ khi b? d? ?ng v?i th?c ?n ho?c thu?c",M?t,"M?t ??, s?ng, khó nhìn rõ khi b? d? ?ng v?i th?c ?n ho?c thu?c,M?t"
"?au kh?p g?i, s?ng ??",X??ng kh?p,"?au kh?p g?i, s?ng ??,X??ng kh?p"
"?au c? tay, tê bì",X??ng kh?p,"?au c? tay, tê bì,X??ng kh?p"
"?au kh?p háng, khó di chuy?n",X??ng kh?p,"?au kh?p háng, khó di chuy?n,X??ng kh?p"
"?au vai, c? tay và c?",X??ng kh?p,"?au vai, c? tay và c?,X??ng kh?p"
"?au kh?p ngón tay, khó kh?n trong vi?c c?m n?m v?t d?ng",X??ng kh?p,"?au kh?p ngón tay, khó kh?n trong vi?c c?m n?m v?t d?ng,X??ng kh?p"
"S?ng kh?p, ?au nh?c toàn thân",X??ng kh?p,"S?ng kh?p, ?au nh?c toàn thân,X??ng kh?p"
"?au c? chân, khó ?i l?i",X??ng kh?p,"?au c? chân, khó ?i l?i,X??ng kh?p"
"?au kh?p ??u g?i, khó kh?n trong vi?c leo c?u thang",X??ng kh?p,"?au kh?p ??u g?i, khó kh?n trong vi?c leo c?u thang,X??ng kh?p"
"?au kh?p m?t cá chân, khó di chuy?n",X??ng kh?p,"?au kh?p m?t cá chân, khó di chuy?n,X??ng kh?p"
"?au kh?p ngón chân, khó di chuy?n",X??ng kh?p,"?au kh?p ngón chân, khó di chuy?n,X??ng kh?p"
"S?ng kh?p, ?au nh?c kh?p chân",X??ng kh?p,"S?ng kh?p, ?au nh?c kh?p chân,X??ng kh?p"
"?au kh?p c?, l?ng và vai",X??ng kh?p,"?au kh?p c?, l?ng và vai,X??ng kh?p"
"?au kh?p ??u g?i, b? giãn c?",X??ng kh?p,"?au kh?p ??u g?i, b? giãn c?,X??ng kh?p"
?au kh?p khác nhau trên c? th?,X??ng kh?p,"?au kh?p khác nhau trên c? th?,X??ng kh?p"
"?au kh?p hông, khó di chuy?n",X??ng kh?p,"?au kh?p hông, khó di chuy?n,X??ng kh?p"
"?au kh?p bàn tay, khó kh?n trong vi?c c?m v?t",X??ng kh?p,"?au kh?p bàn tay, khó kh?n trong vi?c c?m v?t,X??ng kh?p"
"?au kh?p m?t cá chân, s?ng ??",X??ng kh?p,"?au kh?p m?t cá chân, s?ng ??,X??ng kh?p"
"S?ng kh?p, ?au nh?c kh?p tay",X??ng kh?p,"S?ng kh?p, ?au nh?c kh?p tay,X??ng kh?p"
"?au kh?p ngón tay, tê bì",X??ng kh?p,"?au kh?p ngón tay, tê bì,X??ng kh?p"
"?au kh?p bàn chân, s?ng ??",X??ng kh?p,"?au kh?p bàn chân, s?ng ??,X??ng kh?p"
"?au kh?p vai, khó di chuy?n",X??ng kh?p,"?au kh?p vai, khó di chuy?n,X??ng kh?p"
"?au kh?p m?t cá chân, khó kh?n trong vi?c di chuy?n",X??ng kh?p,"?au kh?p m?t cá chân, khó kh?n trong vi?c di chuy?n,X??ng kh?p"
"S?ng kh?p, ?au nh?c toàn thân",X??ng kh?p,"S?ng kh?p, ?au nh?c toàn thân,X??ng kh?p"
"?au kh?p ??u g?i, khó kh?n trong vi?c ??ng lâu",X??ng kh?p,"?au kh?p ??u g?i, khó kh?n trong vi?c ??ng lâu,X??ng kh?p"
"?au kh?p c? tay, khó kh?n trong vi?c v?n ??ng",X??ng kh?p,"?au kh?p c? tay, khó kh?n trong vi?c v?n ??ng,X??ng kh?p"
"?au kh?p ngón chân, khó kh?n trong vi?c ?i b?",X??ng kh?p,"?au kh?p ngón chân, khó kh?n trong vi?c ?i b?,X??ng kh?p"
"S?ng kh?p, ?au nh?c kh?p chân",X??ng kh?p,"S?ng kh?p, ?au nh?c kh?p chân,X??ng kh?p"
"?au kh?p c? chân, khó di chuy?n",X??ng kh?p,"?au kh?p c? chân, khó di chuy?n,X??ng kh?p"
"?au kh?p ??u g?i, s?ng ??",X??ng kh?p,"?au kh?p ??u g?i, s?ng ??,X??ng kh?p"
?au kh?p khác nhau trên c? th?,X??ng kh?p,"?au kh?p khác nhau trên c? th?,X??ng kh?p"
"?au kh?p c? tay, tê bì",X??ng kh?p,"?au kh?p c? tay, tê bì,X??ng kh?p"
"?au kh?p ngón tay, khó kh?n trong vi?c c?m n?m",X??ng kh?p,"?au kh?p ngón tay, khó kh?n trong vi?c c?m n?m,X??ng kh?p"
"S?ng kh?p, ?au nh?c toàn thân",X??ng kh?p,"S?ng kh?p, ?au nh?c toàn thân,X??ng kh?p"
"?au kh?p c?, l?ng và vai",X??ng kh?p,"?au kh?p c?, l?ng và vai,X??ng kh?p"
"?au kh?p hông, khó di chuy?n",X??ng kh?p,"?au kh?p hông, khó di chuy?n,X??ng kh?p"
"?au kh?p m?t cá chân, b? giãn c?",X??ng kh?p,"?au kh?p m?t cá chân, b? giãn c?,X??ng kh?p"
"?au kh?p ngón chân, khó di chuy?n",X??ng kh?p,"?au kh?p ngón chân, khó di chuy?n,X??ng kh?p"
"S?ng kh?p, ?au nh?c kh?p tay",X??ng kh?p,"S?ng kh?p, ?au nh?c kh?p tay,X??ng kh?p"
?au kh?p ??u g?i,X??ng kh?p,"?au kh?p ??u g?i,X??ng kh?p"
"?au kh?p c? chân, khó kh?n trong vi?c t?p th? d?c",X??ng kh?p,"?au kh?p c? chân, khó kh?n trong vi?c t?p th? d?c,X??ng kh?p"
"S?ng kh?p, ?au nh?c toàn thân, ??c bi?t là bu?i sáng",X??ng kh?p,"S?ng kh?p, ?au nh?c toàn thân, ??c bi?t là bu?i sáng,X??ng kh?p"
"?au kh?p vai, c? tay và ??u g?i",X??ng kh?p,"?au kh?p vai, c? tay và ??u g?i,X??ng kh?p"
"?au kh?p ngón tay, khó kh?n trong vi?c v?n ??ng",X??ng kh?p,"?au kh?p ngón tay, khó kh?n trong vi?c v?n ??ng,X??ng kh?p"
"?au kh?p m?t cá chân, khó di chuy?n trên ??a hình không b?ng ph?ng",X??ng kh?p,"?au kh?p m?t cá chân, khó di chuy?n trên ??a hình không b?ng ph?ng,X??ng kh?p"
"S?ng kh?p, ?au nh?c kh?p c? chân và ??u g?i",X??ng kh?p,"S?ng kh?p, ?au nh?c kh?p c? chân và ??u g?i,X??ng kh?p"
"?au kh?p bàn tay, khó kh?n trong vi?c th?c hi?n các công vi?c hàng ngày nh? n?u ?n, v? sinh",X??ng kh?p,"?au kh?p bàn tay, khó kh?n trong vi?c th?c hi?n các công vi?c hàng ngày nh? n?u ?n, v? sinh,X??ng kh?p"
"?au kh?p hông, c?m giác khó ch?u khi n?m nhi?u gi? li?n",X??ng kh?p,"?au kh?p hông, c?m giác khó ch?u khi n?m nhi?u gi? li?n,X??ng kh?p"
"S?ng kh?p, ?au nh?c kh?p vai và c? tay",X??ng kh?p,"S?ng kh?p, ?au nh?c kh?p vai và c? tay,X??ng kh?p"
"?au kh?p ??u g?i, khó kh?n trong vi?c ch?y và nh?y.",X??ng kh?p,"?au kh?p ??u g?i, khó kh?n trong vi?c ch?y và nh?y.,X??ng kh?p"
"?au kh?p c? tay, khó kh?n trong vi?c s? d?ng máy tính ho?c ?i?n tho?i di ??ng",X??ng kh?p,"?au kh?p c? tay, khó kh?n trong vi?c s? d?ng máy tính ho?c ?i?n tho?i di ??ng,X??ng kh?p"
"S?ng kh?p, ?au nh?c kh?p c? tay và ngón tay",X??ng kh?p,"S?ng kh?p, ?au nh?c kh?p c? tay và ngón tay,X??ng kh?p"
"?au kh?p ngón tay cái, khó kh?n trong vi?c c?m v?t n?ng",X??ng kh?p,"?au kh?p ngón tay cái, khó kh?n trong vi?c c?m v?t n?ng,X??ng kh?p"
"?au kh?p g?i, khó kh?n trong vi?c leo c?u thang ho?c ?i b? trên ??a hình d?c",X??ng kh?p,"?au kh?p g?i, khó kh?n trong vi?c leo c?u thang ho?c ?i b? trên ??a hình d?c,X??ng kh?p"
"S?ng kh?p, ?au nh?c kh?p c? và vai",X??ng kh?p,"S?ng kh?p, ?au nh?c kh?p c? và vai,X??ng kh?p"
"?au kh?p c? chân, khó kh?n trong vi?c ?i b? ho?c ch?y",X??ng kh?p,"?au kh?p c? chân, khó kh?n trong vi?c ?i b? ho?c ch?y,X??ng kh?p"
"?au kh?p ngón chân cái, khó kh?n trong vi?c mang giày cao gót ho?c giày th? thao",X??ng kh?p,"?au kh?p ngón chân cái, khó kh?n trong vi?c mang giày cao gót ho?c giày th? thao,X??ng kh?p"
"S?ng kh?p, ?au nh?c kh?p khác nhau trên c? th?",X??ng kh?p,"S?ng kh?p, ?au nh?c kh?p khác nhau trên c? th?,X??ng kh?p"
"?au kh?p c? tay và bàn tay, khó kh?n trong vi?c th?c hi?n các công vi?c c?n s? tinh t? nh? vi?c v? tranh ho?c ?ánh ?àn",X??ng kh?p,"?au kh?p c? tay và bàn tay, khó kh?n trong vi?c th?c hi?n các công vi?c c?n s? tinh t? nh? vi?c v? tranh ho?c ?ánh ?àn,X??ng kh?p"
"?au kh?p c? tay và bàn tay, khó kh?n trong vi?c th?c hi?n các công vi?c c?n s? t?p trung và chính xác nh? làm vi?c v?i máy móc.",X??ng kh?p,"?au kh?p c? tay và bàn tay, khó kh?n trong vi?c th?c hi?n các công vi?c c?n s? t?p trung và chính xác nh? làm vi?c v?i máy móc.,X??ng kh?p"
